{"cameraMode":{"drawMode":0,"name":"Shaded","section":"Shading Mode"},"sceneLighting":true,"audioPlay":false,"sceneViewState":{"showFog":false,"showMaterialUpdate":false,"showSkybox":false,"showFlares":false,"showImageEffects":false,"showParticleSystems":false},"in2DMode":false,"pivot":{"x":13.187747955322266,"y":13.017234802246094,"z":79.94050598144531},"rotation":{"x":0.008236941881477833,"y":-0.9744889140129089,"z":-0.036259572952985767,"w":-0.22152036428451539},"size":24.423234939575197,"orthographic":false}