{"cameraMode":{"drawMode":0,"name":"Shaded","section":"Shading Mode"},"sceneLighting":false,"audioPlay":false,"sceneViewState":{"showFog":false,"showMaterialUpdate":false,"showSkybox":false,"showFlares":false,"showImageEffects":false,"showParticleSystems":false},"in2DMode":false,"pivot":{"x":0.8916265368461609,"y":0.4358275532722473,"z":0.1829071044921875},"rotation":{"x":0.11394704133272171,"y":-0.04500633850693703,"z":0.005188392009586096,"w":0.9924901127815247},"size":2.1000173091888429,"orthographic":false}