{"cameraMode":{"drawMode":0,"name":"Shaded","section":"Shading Mode"},"sceneLighting":false,"audioPlay":false,"sceneViewState":{"showFog":false,"showMaterialUpdate":false,"showSkybox":false,"showFlares":false,"showImageEffects":false,"showParticleSystems":false},"in2DMode":false,"pivot":{"x":1.4600000381469727,"y":0.7393705248832703,"z":0.4881184697151184},"rotation":{"x":-0.04658960551023483,"y":0.9231746792793274,"z":-0.11864743381738663,"w":-0.3627347946166992},"size":1.0078327655792237,"orthographic":false}