{"cameraMode":{"drawMode":0,"name":"Shaded","section":"Shading Mode"},"sceneLighting":false,"audioPlay":false,"sceneViewState":{"showFog":false,"showMaterialUpdate":false,"showSkybox":false,"showFlares":false,"showImageEffects":false,"showParticleSystems":false},"in2DMode":false,"pivot":{"x":14.203761100769043,"y":-1.9406671524047852,"z":3.5870237350463869},"rotation":{"x":0.19576317071914674,"y":-0.35644567012786868,"z":0.07664880156517029,"w":0.9103772044181824},"size":5.303738594055176,"orthographic":false}